{"A": {"nrows": 3, "ncols": 4, "data": [0.8923407983171103, 0.9727476699471198, 0.443223447356223, 0.9054686343370189, 0.9044227961911576, 0.1916389251396191, 0.4541714887452599, 0.7032196096037262, 0.9338494492951434, 0.7810459200489549, 0.8863989944619759, 0.5196847307098503]}, "B": {"nrows": 4, "ncols": 3, "data": [0.8699495372097933, 0.8179794418591091, 0.7635558302750379, 0.9596854437927368, 0.8937833882653984, 0.5496784800903712, 0.7435723965830868, 0.5423290032244916, 0.4996412704030525, 0.14308631784880999, 0.9785054359899753, 0.30157474128370243]}}