{"A": {"nrows": 3, "ncols": 4, "data": [0.8923407983171103, 0.9727476699471198, 0.443223447356223, 0.9054686343370189, 0.9044227961911576, 0.1916389251396191, 0.4541714887452599, 0.7032196096037262, 0.9338494492951434, 0.7810459200489549, 0.8863989944619759, 0.5196847307098503]}, "B": {"nrows": 4, "ncols": 3, "data": [0.8699495372097933, 0.8179794418591091, 0.7635558302750379, 0.9596854437927368, 0.8937833882653984, 0.5496784800903712, 0.7435723965830868, 0.5423290032244916, 0.4996412704030525, 0.14308631784880999, 0.9785054359899753, 0.30157474128370243]}, "C": {"nrows": 3, "ncols": 3, "data": [2.168952137648299, 2.725721047755765, 1.7105696753254718, 1.4090457668323595, 1.8454975233441202, 1.2349131836117062, 2.2954218958430705, 2.451189737253428, 1.741975633711619]}, "Ct": {"nrows": 3, "ncols": 3, "data": [2.168952137648299, 1.4090457668323595, 2.2954218958430705, 2.725721047755765, 1.8454975233441202, 2.451189737253428, 1.7105696753254718, 1.2349131836117062, 1.741975633711619]}, "Cinv": {"nrows": 3, "ncols": 3, "data": [1.7856489603896197, -5.278917030912619, 1.9888494461116943, 3.614207239520273, -1.409247967152628, -2.550009497656246, -7.438637581960596, 8.939089383384191, 1.54153048552811]}, "D_det": 67.15792100743052, "D_norm": 14.177971606149857}